{"initial_reset_timestamp": 1524360828.493284, "timestamps": [1524360828.5089102, 1524360828.591206, 1524360828.591206, 1524360828.6537097, 1524360828.6537097, 1524360828.716156, 1524360828.716156, 1524360828.7786531, 1524360828.7786531, 1524360828.8406737, 1524360828.8426902, 1524360828.8973548, 1524360828.8973548, 1524360828.972835, 1524360828.972835, 1524360829.0353363, 1524360829.0353363, 1524360829.0991952, 1524360829.1011958, 1524360829.174691, 1524360829.174691, 1524360829.237135, 1524360829.237135, 1524360829.2990782, 1524360829.3010795, 1524360829.3746762, 1524360829.3746762, 1524360829.4684265, 1524360829.4684265, 1524360829.530923, 1524360829.530923, 1524360829.5934265, 1524360829.5934265, 1524360829.6559281, 1524360829.6559281, 1524360829.718427, 1524360829.718427, 1524360829.780929, 1524360829.780929, 1524360829.8428981, 1524360829.8448997, 1524360829.8978982, 1524360829.8978982, 1524360829.9728947, 1524360829.9728947, 1524360830.0354002, 1524360830.0354002, 1524360830.0978987, 1524360830.0978987, 1524360830.1604033, 1524360830.1604033, 1524360830.222898, 1524360830.222898, 1524360830.2867692, 1524360830.2887697, 1524360830.4099612, 1524360830.4099612, 1524360830.4725022, 1524360830.4725022, 1524360830.5350215, 1524360830.5350215, 1524360830.597521, 1524360830.597521, 1524360830.660018, 1524360830.660018, 1524360830.7225206, 1524360830.7225206, 1524360830.7850237, 1524360830.7850237, 1524360830.8456829, 1524360830.8456829, 1524360830.8976247, 1524360830.8976247, 1524360830.972798, 1524360830.972798, 1524360831.0352988, 1524360831.0352988, 1524360831.098986, 1524360831.1009727, 1524360831.1717467, 1524360831.1717467, 1524360831.2342458, 1524360831.2342458, 1524360831.2953343, 1524360831.2973363, 1524360831.3656914, 1524360831.3683817, 1524360831.4211683, 1524360831.4232352, 1524360831.4857373, 1524360831.4857373, 1524360831.5514734, 1524360831.5524766, 1524360831.6257746, 1524360831.627776, 1524360831.703535, 1524360831.703535, 1524360831.7660375, 1524360831.7660375], "episode_lengths": [16, 16, 16, 16, 16, 16, 16, 16, 16, 16, 16, 16, 16, 16, 16, 16, 16, 16, 16, 16, 16, 16, 16, 16, 16, 16, 16, 16, 16, 16, 16, 16, 16, 16, 16, 16, 16, 16, 16, 16, 16, 16, 16, 16, 16, 16, 16, 16, 16, 16, 16, 16, 16, 16, 16, 16, 16, 16, 16, 16, 16, 16, 16, 16, 16, 16, 16, 16, 16, 16, 16, 16, 16, 16, 16, 16, 16, 16, 16, 16, 16, 16, 16, 16, 16, 16, 16, 16, 16, 16, 16, 16, 16, 16, 16, 16, 16, 16, 16], "episode_rewards": [-152.0, -152.0, -152.0, -152.0, -152.0, -152.0, -152.0, -152.0, -152.0, -152.0, -152.0, -152.0, -152.0, -152.0, -152.0, -152.0, -152.0, -152.0, -152.0, -152.0, -152.0, -152.0, -152.0, -152.0, -152.0, -152.0, -152.0, -152.0, -152.0, -152.0, -152.0, -152.0, -152.0, -152.0, -152.0, -152.0, -152.0, -152.0, -152.0, -152.0, -152.0, -152.0, -152.0, -152.0, -152.0, -152.0, -152.0, -152.0, -152.0, -152.0, -152.0, -152.0, -152.0, -152.0, -152.0, -152.0, -152.0, -152.0, -152.0, -152.0, -152.0, -152.0, -152.0, -152.0, -152.0, -152.0, -152.0, -152.0, -152.0, -152.0, -152.0, -152.0, -152.0, -152.0, -152.0, -152.0, -152.0, -152.0, -152.0, -152.0, -152.0, -152.0, -152.0, -152.0, -152.0, -152.0, -152.0, -152.0, -152.0, -152.0, -152.0, -152.0, -152.0, -152.0, -152.0, -152.0, -152.0, -152.0, -152.0], "episode_types": ["t", "t", "t", "t", "t", "t", "t", "t", "t", "t", "t", "t", "t", "t", "t", "t", "t", "t", "t", "t", "t", "t", "t", "t", "t", "t", "t", "t", "t", "t", "t", "t", "t", "t", "t", "t", "t", "t", "t", "t", "t", "t", "t", "t", "t", "t", "t", "t", "t", "t", "t", "t", "t", "t", "t", "t", "t", "t", "t", "t", "t", "t", "t", "t", "t", "t", "t", "t", "t", "t", "t", "t", "t", "t", "t", "t", "t", "t", "t", "t", "t", "t", "t", "t", "t", "t", "t", "t", "t", "t", "t", "t", "t", "t", "t", "t", "t", "t", "t", "t"]}